candidate_id,rank,sensor_id,source_file,start_timestamp,end_timestamp,duration_seconds,observation_count,min_temperature_c,max_temperature_c,mean_temperature_c,temperature_range_c,min_humidity_pct,max_humidity_pct,mean_humidity_pct,expected_interval_seconds,internal_missing_interval_count,expected_missing_sample_count,duplicate_timestamp_count,out_of_order_count,thermal_variation_score,documented_event_count,documented_event_types,documented_event_refs,has_pre_variation_baseline,has_post_variation_behavior,source_continuity_status,eligibility_status,eligibility_reasons,blueprint_fit_status,blueprint_fit_score,blueprint_fit_reasons,selection_status,selection_score,selection_rationale,rejection_reason
ZEN-01-20240906T120000-180M,1,SENSOR01,SENSOR01.CSV,2024-09-06T12:00:00,2024-09-06T15:00:00,10800,2161,10.4,39.4,19.349931,29,28.9,99.9,64.729755,5,0,0,0,0,35.695,9,Door closed|Door opened|Products in|Products out,experiment_actions.csv:rows:79-87,true,true,CONTINUOUS,ELIGIBLE,All required Zenodo evidence criteria satisfied.,FULL_PREFERRED_FIT,7,matched: single source sensor|regular five-second sampling|no internal missing interval|meaningful thermal variation|documented experiment event available|stable period before thermal variation|post-event behavior visible if supported by source; unmet: none,SHORTLISTED,36.695,Eligible under CP-DEMO-BLUEPRINT-001 v0.1.0; 7/7 preferred criteria matched. Blueprint loaded successfully; final candidate requires manual scientific review.,
ZEN-02-20240906T114500-180M,2,SENSOR02,SENSOR02.CSV,2024-09-06T11:45:00,2024-09-06T14:45:00,10800,2161,9.4,37.5,17.563073,28.1,32,99.9,70.900879,5,0,0,0,0,33.868333,10,Door opened|Door closed|Products in|Products out,experiment_actions.csv:rows:78-87,true,true,CONTINUOUS,ELIGIBLE,All required Zenodo evidence criteria satisfied.,FULL_PREFERRED_FIT,7,matched: single source sensor|regular five-second sampling|no internal missing interval|meaningful thermal variation|documented experiment event available|stable period before thermal variation|post-event behavior visible if supported by source; unmet: none,SHORTLISTED,34.868333,Eligible under CP-DEMO-BLUEPRINT-001 v0.1.0; 7/7 preferred criteria matched. Blueprint loaded successfully; final candidate requires manual scientific review.,
ZEN-08-20240904T074500-180M,3,SENSOR08,SENSOR08.CSV,2024-09-04T07:45:00,2024-09-04T10:45:00,10800,2161,11.6,18.4,14.649977,6.8,45,85.6,72.812217,5,0,0,0,0,7.533333,5,Door opened|Door closed|Products in,experiment_actions.csv:rows:35-39,true,true,CONTINUOUS,ELIGIBLE,All required Zenodo evidence criteria satisfied.,FULL_PREFERRED_FIT,7,matched: single source sensor|regular five-second sampling|no internal missing interval|meaningful thermal variation|documented experiment event available|stable period before thermal variation|post-event behavior visible if supported by source; unmet: none,SHORTLISTED,8.533333,Eligible under CP-DEMO-BLUEPRINT-001 v0.1.0; 7/7 preferred criteria matched. Blueprint loaded successfully; final candidate requires manual scientific review.,
ZEN-06-20240904T080000-180M,4,SENSOR06,SENSOR06.CSV,2024-09-04T08:00:00,2024-09-04T11:00:00,10800,2161,8.5,14.6,11.399861,6.1,58.8,99.9,90.531097,5,0,0,0,0,7.205,5,Door opened|Door closed|Products in,experiment_actions.csv:rows:35-39,true,true,CONTINUOUS,ELIGIBLE,All required Zenodo evidence criteria satisfied.,FULL_PREFERRED_FIT,7,matched: single source sensor|regular five-second sampling|no internal missing interval|meaningful thermal variation|documented experiment event available|stable period before thermal variation|post-event behavior visible if supported by source; unmet: none,SHORTLISTED,8.205,Eligible under CP-DEMO-BLUEPRINT-001 v0.1.0; 7/7 preferred criteria matched. Blueprint loaded successfully; final candidate requires manual scientific review.,
ZEN-09-20240910T073000-180M,5,SENSOR09,SENSOR09.CSV,2024-09-10T07:30:00,2024-09-10T10:30:00,10800,2161,5.6,11.1,8.340491,5.5,59.3,99.9,82.89602,5,0,0,0,0,7.138333,5,Door opened|Products in|Door closed,experiment_actions.csv:rows:116-120,true,true,CONTINUOUS,ELIGIBLE,All required Zenodo evidence criteria satisfied.,FULL_PREFERRED_FIT,7,matched: single source sensor|regular five-second sampling|no internal missing interval|meaningful thermal variation|documented experiment event available|stable period before thermal variation|post-event behavior visible if supported by source; unmet: none,SELECTED,8.138333,Selected after manual evidence review for balanced baseline. Thermal variation. Post-variation behavior. Source-event contextcontinuity and provenance suitability.,
ZEN-04-20240904T074500-180M,6,SENSOR04,SENSOR04.CSV,2024-09-04T07:45:00,2024-09-04T10:45:00,10800,2161,8.5,14.8,11.280981,6.3,58.2,98.6,87.518834,5,0,0,0,0,6.953333,5,Door opened|Door closed|Products in,experiment_actions.csv:rows:35-39,true,true,CONTINUOUS,ELIGIBLE,All required Zenodo evidence criteria satisfied.,FULL_PREFERRED_FIT,7,matched: single source sensor|regular five-second sampling|no internal missing interval|meaningful thermal variation|documented experiment event available|stable period before thermal variation|post-event behavior visible if supported by source; unmet: none,REJECTED,7.953333,,Eligible but ranked below the shortlist after blueprint fit and deterministic thermal/event tie-breaker.
ZEN-07-20240904T081500-180M,7,SENSOR07,SENSOR07.CSV,2024-09-04T08:15:00,2024-09-04T11:15:00,10800,2161,9.7,15.4,12.490097,5.7,59,99.9,90.820268,5,0,0,0,0,6.75,5,Door opened|Door closed|Products in,experiment_actions.csv:rows:35-39,true,true,CONTINUOUS,ELIGIBLE,All required Zenodo evidence criteria satisfied.,FULL_PREFERRED_FIT,7,matched: single source sensor|regular five-second sampling|no internal missing interval|meaningful thermal variation|documented experiment event available|stable period before thermal variation|post-event behavior visible if supported by source; unmet: none,REJECTED,7.75,,Eligible but ranked below the shortlist after blueprint fit and deterministic thermal/event tie-breaker.
ZEN-03-20240909T080000-180M,8,SENSOR03,SENSOR03.CSV,2024-09-09T08:00:00,2024-09-09T11:00:00,10800,2161,6.4,11.8,8.469968,5.4,82.1,99.9,93.876122,5,0,0,0,0,6.541667,12,Door opened|Door closed|Products out,experiment_actions.csv:rows:90-101,true,true,CONTINUOUS,ELIGIBLE,All required Zenodo evidence criteria satisfied.,FULL_PREFERRED_FIT,7,matched: single source sensor|regular five-second sampling|no internal missing interval|meaningful thermal variation|documented experiment event available|stable period before thermal variation|post-event behavior visible if supported by source; unmet: none,REJECTED,7.541667,,Eligible but ranked below the shortlist after blueprint fit and deterministic thermal/event tie-breaker.
ZEN-05-20240910T074500-180M,9,SENSOR05,SENSOR05.CSV,2024-09-10T07:45:00,2024-09-10T10:45:00,10800,2161,7.2,10.9,9.190791,3.7,55.8,91.9,76.17603,5,0,0,0,0,4.196667,5,Door opened|Products in|Door closed,experiment_actions.csv:rows:116-120,true,true,CONTINUOUS,ELIGIBLE,All required Zenodo evidence criteria satisfied.,FULL_PREFERRED_FIT,7,matched: single source sensor|regular five-second sampling|no internal missing interval|meaningful thermal variation|documented experiment event available|stable period before thermal variation|post-event behavior visible if supported by source; unmet: none,REJECTED,5.196667,,Eligible but ranked below the shortlist after blueprint fit and deterministic thermal/event tie-breaker.
ZEN-GAP-01-01,,SENSOR01,SENSOR01.CSV,2024-09-09T06:34:10,2024-09-09T08:54:45,8435,722,6.3,10.1,7.870083,3.8,78.8,99.9,88.947784,5,1,966,0,0,5.331667,4,Door opened|Door closed,experiment_actions.csv:rows:90-93,true,true,SOURCE_MISSING_INTERVAL,INELIGIBLE,Failed required criteria: continuous timestamps within selected replay interval|sufficient duration to divide into four synthetic segments,INELIGIBLE,6,matched: single source sensor|regular five-second sampling|meaningful thermal variation|documented experiment event available|stable period before thermal variation|post-event behavior visible if supported by source; unmet: no internal missing interval,REJECTED,6.331667,,Contains a source gap of 4835 seconds with 966 expected samples absent.
ZEN-GAP-03-01,,SENSOR03,SENSOR03.CSV,2024-09-02T09:27:50,2024-09-02T09:29:45,115,6,21,21.2,21.066667,0.2,67.6,70,68.766667,5,1,18,0,0,0.2,0,,,true,false,SOURCE_MISSING_INTERVAL,INELIGIBLE,Failed required criteria: continuous timestamps within selected replay interval|sufficient duration to divide into four synthetic segments,INELIGIBLE,4,matched: single source sensor|regular five-second sampling|meaningful thermal variation|stable period before thermal variation; unmet: no internal missing interval|documented experiment event available|post-event behavior visible if supported by source,REJECTED,0.2,,Contains a source gap of 95 seconds with 18 expected samples absent.
ZEN-GAP-03-02,,SENSOR03,SENSOR03.CSV,2024-09-02T09:27:50,2024-09-06T14:38:00,364210,367,9.3,21.2,10.921253,11.9,67.6,99.9,98.455858,5,2,72476,0,0,12.618333,86,Begin|Door opened|Door closed|Products in|Products out,experiment_actions.csv:rows:2-87,false,true,SOURCE_MISSING_INTERVAL,INELIGIBLE,Failed required criteria: continuous timestamps within selected replay interval|sufficient duration to divide into four synthetic segments,INELIGIBLE,5,matched: single source sensor|regular five-second sampling|meaningful thermal variation|documented experiment event available|post-event behavior visible if supported by source; unmet: no internal missing interval|stable period before thermal variation,REJECTED,13.618333,,Contains a source gap of 362295 seconds with 72458 expected samples absent.
