condition_id,source_file,worksheet,ambient_temperature_c,initial_temperature_c,pcm_configuration,orientation,gap_mm,aspect_ratio,measurement_plane,measurement_medium,aggregation_type,paper_or_document_condition_ref,verification_status,verification_basis,notes
C01,C01 Temperature Horizontal Side Empty.xlsx,Feuil1,20,,Side wall,Horizontal,,1.0,Middle plane (X = 250 mm),,AVERAGE_TEMPERATURE,Experimental conditions.docx: condition 1; workbook Feuil1!A1:F7,PARTIALLY_VERIFIED,DOCX condition table; workbook metadata; source filename,Empty-box condition. Source does not state the measurement medium or the averaging window/method.
C02,C02 Temperature Horizontal Top Empty.xlsx,Feuil1,20,,Top,Horizontal,,1.0,Middle plane (X = 250 mm),,AVERAGE_TEMPERATURE,Experimental conditions.docx: condition 2; workbook Feuil1!A1:F7,PARTIALLY_VERIFIED,DOCX condition table; workbook metadata; source filename,Empty-box condition. Source does not state the measurement medium or the averaging window/method.
C03,C03 Temperature Vertical Side Empty.xlsx,Feuil1,20,,Side wall,Vertical,,1.7,Middle plane (X = 250 mm),,AVERAGE_TEMPERATURE,Experimental conditions.docx: condition 3; workbook Feuil1!A1:F7,PARTIALLY_VERIFIED,DOCX condition table; workbook metadata; source filename,Empty-box condition. Source does not state the measurement medium or the averaging window/method.
C04,C04 Temperature Horizontal Side 20CAmb 4CInitial 20mmGap.xlsx,Feuil1,20,4,Side wall,Horizontal,20,1.0,Middle plane (X = 250 mm),,AVERAGE_TEMPERATURE,Experimental conditions.docx: condition 4; workbook Feuil1!A1:F7,PARTIALLY_VERIFIED,DOCX condition table; workbook metadata; source filename,Source does not state the measurement medium or the averaging window/method.
C05,C05 Temperature Horizontal Top 20CAmb 4CInitial 20mmGap.xlsx,Feuil1,20,4,Top,Horizontal,20,1.0,Middle plane (X = 250 mm),,AVERAGE_TEMPERATURE,Experimental conditions.docx: condition 5; workbook Feuil1!A1:F7,PARTIALLY_VERIFIED,DOCX condition table; workbook metadata; source filename,Source does not state the measurement medium or the averaging window/method.
C06,C06 Temperature Vertical Side 20CAmb 4CInitial 20mmGap.xlsx,Feuil1,20,4,Side wall,Vertical,20,1.7,Middle plane (X = 250 mm),,AVERAGE_TEMPERATURE,Experimental conditions.docx: condition 6; workbook Feuil1!A1:F7,PARTIALLY_VERIFIED,DOCX condition table; workbook metadata; source filename,Source does not state the measurement medium or the averaging window/method.
C07,C07 Temperature Horizontal Side 30CAmb 4CInitial 20mmGap.xlsx,Feuil1,30,4,Side wall,Horizontal,20,1.0,Middle plane (X = 250 mm),,AVERAGE_TEMPERATURE,Experimental conditions.docx: condition 7; workbook Feuil1!A1:F7,PARTIALLY_VERIFIED,DOCX condition table; workbook metadata; source filename,Source does not state the measurement medium or the averaging window/method.
C08,C08 Temperature Horizontal Top 10CAmb 4CInitial 20mmGap.xlsx,Feuil1,10,4,Top,Horizontal,20,1.0,Middle plane (X = 250 mm),,AVERAGE_TEMPERATURE,Experimental conditions.docx: condition 8; workbook Feuil1!A1:F7,PARTIALLY_VERIFIED,DOCX condition table; workbook metadata; source filename,Source does not state the measurement medium or the averaging window/method.
C09,C09 Temperature Horizontal Top 30CAmb 4CInitial 20mmGap.xlsx,Feuil1,30,4,Top,Horizontal,20,1.0,Middle plane (X = 250 mm),,AVERAGE_TEMPERATURE,Experimental conditions.docx: condition 9; workbook Feuil1!A1:F7,PARTIALLY_VERIFIED,DOCX condition table; workbook metadata; source filename,Source does not state the measurement medium or the averaging window/method.
C10,C10 Temperature Horizontal Side 20CAmb 10CInitial 20mmGap.xlsx,Feuil1,20,10,Side wall,Horizontal,20,1.0,Middle plane (X = 250 mm),,AVERAGE_TEMPERATURE,Experimental conditions.docx: condition 10; workbook Feuil1!A1:F7,PARTIALLY_VERIFIED,DOCX condition table; workbook metadata; source filename,Source does not state the measurement medium or the averaging window/method.
C11,C11 Temperature Horizontal Top 20CAmb 10CInitial 20mmGap.xlsx,Feuil1,20,10,Top,Horizontal,20,1.0,Middle plane (X = 250 mm),,AVERAGE_TEMPERATURE,Experimental conditions.docx: condition 11; workbook Feuil1!A1:F7,PARTIALLY_VERIFIED,DOCX condition table; workbook metadata; source filename,Source does not state the measurement medium or the averaging window/method.
C12,C12 Temperature Horizontal Side 20CAmb 4CInitial noGap.xlsx,Feuil1,20,4,Side wall,Horizontal,0,1.0,Middle plane (X = 250 mm),,AVERAGE_TEMPERATURE,Experimental conditions.docx: condition 12; workbook Feuil1!A1:F7,PARTIALLY_VERIFIED,DOCX condition table; workbook metadata; source filename,Source does not state the measurement medium or the averaging window/method.
C13,C13 Temperature Horizontal Top 20CAmb 4CInitial noGap.xlsx,Feuil1,20,4,Top,Horizontal,0,1.0,Middle plane (X = 250 mm),,AVERAGE_TEMPERATURE,Experimental conditions.docx: condition 13; workbook Feuil1!A1:F7,PARTIALLY_VERIFIED,DOCX condition table; workbook metadata; source filename,Source does not state the measurement medium or the averaging window/method.
