source_id,dataset,file_name,relative_path,version,origin_class,source_stage,checksum_sha256,file_size_bytes,license_ref,source_uri,notes
ZEN-RAW-S01,ZENODO,SENSOR01.CSV,data/observed/zenodo/raw/SENSOR01.CSV,v1,REAL_PUBLIC_DATA,RAW,163fc59e1d482b5ff8858d1a61554a61958193f6163575ee55b9731f1ca0c03f,5063738,CC-BY-4.0,https://doi.org/10.5281/zenodo.15130001,Zenodo v1 raw sensor time-series source
ZEN-RAW-S02,ZENODO,SENSOR02.CSV,data/observed/zenodo/raw/SENSOR02.CSV,v1,REAL_PUBLIC_DATA,RAW,f13929e7c0290cb97fdd441331e41478fb5a09194d7ad6aa0536a2fc76090eb1,5092920,CC-BY-4.0,https://doi.org/10.5281/zenodo.15130001,Zenodo v1 raw sensor time-series source
ZEN-RAW-S03,ZENODO,SENSOR03.CSV,data/observed/zenodo/raw/SENSOR03.CSV,v1,REAL_PUBLIC_DATA,RAW,448d4a2536803c42bfcf5465ea4416b64aff2bbcef0df64dd25e7d6f3644322d,2707165,CC-BY-4.0,https://doi.org/10.5281/zenodo.15130001,Zenodo v1 raw sensor time-series source
ZEN-RAW-S04,ZENODO,SENSOR04.CSV,data/observed/zenodo/raw/SENSOR04.CSV,v1,REAL_PUBLIC_DATA,RAW,22a687ee08e40f38edaf7ebcac338f17f3b598ac6292d7cacc4b34171dbb049c,4878385,CC-BY-4.0,https://doi.org/10.5281/zenodo.15130001,Zenodo v1 raw sensor time-series source
ZEN-RAW-S05,ZENODO,SENSOR05.CSV,data/observed/zenodo/raw/SENSOR05.CSV,v1,REAL_PUBLIC_DATA,RAW,d6e3167c2b85aee44d786ddf1439d5933e8df6ff6048b3978cd1e8a4cfb9d1ee,1000255,CC-BY-4.0,https://doi.org/10.5281/zenodo.15130001,Zenodo v1 raw sensor time-series source
ZEN-RAW-S06,ZENODO,SENSOR06.CSV,data/observed/zenodo/raw/SENSOR06.CSV,v1,REAL_PUBLIC_DATA,RAW,cb4b4b41d04cdd21873975954d629d5248acc21c2d5a5999339ddbe628569955,5049969,CC-BY-4.0,https://doi.org/10.5281/zenodo.15130001,Zenodo v1 raw sensor time-series source
ZEN-RAW-S07,ZENODO,SENSOR07.CSV,data/observed/zenodo/raw/SENSOR07.CSV,v1,REAL_PUBLIC_DATA,RAW,2510542fa7cc27d014fb56995273544f363cb41d239bc91399c3ee0cabbd9ce2,5062400,CC-BY-4.0,https://doi.org/10.5281/zenodo.15130001,Zenodo v1 raw sensor time-series source
ZEN-RAW-S08,ZENODO,SENSOR08.CSV,data/observed/zenodo/raw/SENSOR08.CSV,v1,REAL_PUBLIC_DATA,RAW,fe443f127ed844f9c95db161326d8c7ea27e99367a593cb1512e0c65ef52a3d1,5132744,CC-BY-4.0,https://doi.org/10.5281/zenodo.15130001,Zenodo v1 raw sensor time-series source
ZEN-RAW-S09,ZENODO,SENSOR09.CSV,data/observed/zenodo/raw/SENSOR09.CSV,v1,REAL_PUBLIC_DATA,RAW,c50253f87996f050a0bbda5eeb383775f077b1db8ccf1b38ea52e78498f2a2ed,1050484,CC-BY-4.0,https://doi.org/10.5281/zenodo.15130001,Zenodo v1 raw sensor time-series source
ZEN-PRE-S01,ZENODO,SENSOR01_preprocessed.csv,data/observed/zenodo/preprocessed/SENSOR01_preprocessed.csv,v1,REAL_PUBLIC_DATA,PREPROCESSED,e2136cd17e59b1280b595c8805e8f4f713efeec0ea01b2e991d8c6b37e8a499c,4769263,CC-BY-4.0,https://doi.org/10.5281/zenodo.15130001,Zenodo v1 author-preprocessed reference
ZEN-PRE-S02,ZENODO,SENSOR02_preprocessed.csv,data/observed/zenodo/preprocessed/SENSOR02_preprocessed.csv,v1,REAL_PUBLIC_DATA,PREPROCESSED,eb597c438c042289fbf3456f718c7c4e4827366e252e64629111e5d726c72bec,4774493,CC-BY-4.0,https://doi.org/10.5281/zenodo.15130001,Zenodo v1 author-preprocessed reference
ZEN-PRE-S03,ZENODO,SENSOR03_preprocessed.csv,data/observed/zenodo/preprocessed/SENSOR03_preprocessed.csv,v1,REAL_PUBLIC_DATA,PREPROCESSED,789da49770ad92507066435f66885a5d6227c544a5b66f6e0c894af29f723b2d,4202944,CC-BY-4.0,https://doi.org/10.5281/zenodo.15130001,Zenodo v1 author-preprocessed reference
ZEN-PRE-S04,ZENODO,SENSOR04_preprocessed.csv,data/observed/zenodo/preprocessed/SENSOR04_preprocessed.csv,v1,REAL_PUBLIC_DATA,PREPROCESSED,4922e6ef24141a38fbaa7afbc2fc2ca5b40e66c41fcaf72cdf994bb643099025,4703742,CC-BY-4.0,https://doi.org/10.5281/zenodo.15130001,Zenodo v1 author-preprocessed reference
ZEN-PRE-S05,ZENODO,SENSOR05_preprocessed.csv,data/observed/zenodo/preprocessed/SENSOR05_preprocessed.csv,v1,REAL_PUBLIC_DATA,PREPROCESSED,d8fed523fe9a75cb5c14f73d391661fc1c9c10fea8bf93607a36a7e92fe282cb,3828487,CC-BY-4.0,https://doi.org/10.5281/zenodo.15130001,Zenodo v1 author-preprocessed reference
ZEN-PRE-S06,ZENODO,SENSOR06_preprocessed.csv,data/observed/zenodo/preprocessed/SENSOR06_preprocessed.csv,v1,REAL_PUBLIC_DATA,PREPROCESSED,8ac602e42d99f601f5cc25d24e18143826ec7e9c7ad0b7b072278c9453e67507,4734585,CC-BY-4.0,https://doi.org/10.5281/zenodo.15130001,Zenodo v1 author-preprocessed reference
ZEN-PRE-S07,ZENODO,SENSOR07_preprocessed.csv,data/observed/zenodo/preprocessed/SENSOR07_preprocessed.csv,v1,REAL_PUBLIC_DATA,PREPROCESSED,6744997fb06fd202cb6d5b8799184d59bb376dd3c26574fb46d20fff97b3fb63,4747099,CC-BY-4.0,https://doi.org/10.5281/zenodo.15130001,Zenodo v1 author-preprocessed reference
ZEN-PRE-S08,ZENODO,SENSOR08_preprocessed.csv,data/observed/zenodo/preprocessed/SENSOR08_preprocessed.csv,v1,REAL_PUBLIC_DATA,PREPROCESSED,d6748dd6c786298dbd301c32e4fac4a49cf82c5bb0b2c97298f69505ad4af1dd,4818142,CC-BY-4.0,https://doi.org/10.5281/zenodo.15130001,Zenodo v1 author-preprocessed reference
ZEN-PRE-S09,ZENODO,SENSOR09_preprocessed.csv,data/observed/zenodo/preprocessed/SENSOR09_preprocessed.csv,v1,REAL_PUBLIC_DATA,PREPROCESSED,da95cce302a68b8756d5b8aed3c8954465f383805fe92e3b49f2c8fd8494722a,3839624,CC-BY-4.0,https://doi.org/10.5281/zenodo.15130001,Zenodo v1 author-preprocessed reference
ZEN-META-OVERVIEW,ZENODO,overview.csv,data/observed/zenodo/metadata/overview.csv,v1,REAL_PUBLIC_DATA,METADATA,faeeaa33ffc5cd0771a9c5218c4c8ab478cec90895627f9ca2b28cfcf34ca173,73881,CC-BY-4.0,https://doi.org/10.5281/zenodo.15130001,Zenodo v1 dataset overview
ZEN-META-ACTIONS,ZENODO,experiment_actions.csv,data/observed/zenodo/metadata/experiment_actions.csv,v1,REAL_PUBLIC_DATA,METADATA,8ac92d6c4c628233aa083ef53cdf86e30275ec73d01670ca342922c5dc8b4f2e,5362,CC-BY-4.0,https://doi.org/10.5281/zenodo.15130001,Zenodo v1 experiment actions
ZEN-META-PREPROCESS-NB,ZENODO,DataPreprocessing.ipynb,data/observed/zenodo/metadata/DataPreprocessing.ipynb,v1,REAL_PUBLIC_DATA,METADATA,933057fb881862f3bb9cf9274986c4f1b4db154ffee77abc90bc8ec0133a5d93,11978,CC-BY-4.0,https://doi.org/10.5281/zenodo.15130001,Zenodo v1 preprocessing notebook
ZEN-META-ANALYSIS-NB,ZENODO,DataPreliminaryAnalysis.ipynb,data/observed/zenodo/metadata/DataPreliminaryAnalysis.ipynb,v1,REAL_PUBLIC_DATA,METADATA,6ddfa69696a8fa29dadad82568ee241812508cf0bb0e31734c6843a7af37519a,18836,CC-BY-4.0,https://doi.org/10.5281/zenodo.15130001,Zenodo v1 preliminary analysis notebook
MEN-C01,MENDELEY,C01 Temperature Horizontal Side Empty.xlsx,data/observed/mendeley/conditions/C01 Temperature Horizontal Side Empty.xlsx,1,REAL_PUBLIC_DATA,CONDITION,6aae5132ab245bb6a9d831bb96c856e2587bf2c8a87944b25965749e362a6efc,70457,CC-BY-4.0,https://data.mendeley.com/datasets/sz5dgkz7k8/1,Mendeley v1 observed spatial/thermal condition data
MEN-C02,MENDELEY,C02 Temperature Horizontal Top Empty.xlsx,data/observed/mendeley/conditions/C02 Temperature Horizontal Top Empty.xlsx,1,REAL_PUBLIC_DATA,CONDITION,0f03edb1ba9184e91c92ea4345ebe4997da7621e03211f147115b6665f729a85,71187,CC-BY-4.0,https://data.mendeley.com/datasets/sz5dgkz7k8/1,Mendeley v1 observed spatial/thermal condition data
MEN-C03,MENDELEY,C03 Temperature Vertical Side Empty.xlsx,data/observed/mendeley/conditions/C03 Temperature Vertical Side Empty.xlsx,1,REAL_PUBLIC_DATA,CONDITION,7e09a9f9ffc5815f1ec37a0b35e4d8db7929cec806f647a82511aa9fe22d596b,107701,CC-BY-4.0,https://data.mendeley.com/datasets/sz5dgkz7k8/1,Mendeley v1 observed spatial/thermal condition data
MEN-C04,MENDELEY,C04 Temperature Horizontal Side 20CAmb 4CInitial 20mmGap.xlsx,data/observed/mendeley/conditions/C04 Temperature Horizontal Side 20CAmb 4CInitial 20mmGap.xlsx,1,REAL_PUBLIC_DATA,CONDITION,1dcfa387b2e972cdab139a7b8fcca596f922bad7da37182ef7f9d3d179c4c0cd,68704,CC-BY-4.0,https://data.mendeley.com/datasets/sz5dgkz7k8/1,Mendeley v1 observed spatial/thermal condition data
MEN-C05,MENDELEY,C05 Temperature Horizontal Top 20CAmb 4CInitial 20mmGap.xlsx,data/observed/mendeley/conditions/C05 Temperature Horizontal Top 20CAmb 4CInitial 20mmGap.xlsx,1,REAL_PUBLIC_DATA,CONDITION,dd672b1ac2cdceacd7c61384536d172c3fde9373a57a9e7f6c9d0843371927c4,69072,CC-BY-4.0,https://data.mendeley.com/datasets/sz5dgkz7k8/1,Mendeley v1 observed spatial/thermal condition data
MEN-C06,MENDELEY,C06 Temperature Vertical Side 20CAmb 4CInitial 20mmGap.xlsx,data/observed/mendeley/conditions/C06 Temperature Vertical Side 20CAmb 4CInitial 20mmGap.xlsx,1,REAL_PUBLIC_DATA,CONDITION,166d8af81aaf9d596edfb9f62bd82897c85fc334873a788509967045221bda5b,106360,CC-BY-4.0,https://data.mendeley.com/datasets/sz5dgkz7k8/1,Mendeley v1 observed spatial/thermal condition data
MEN-C07,MENDELEY,C07 Temperature Horizontal Side 30CAmb 4CInitial 20mmGap.xlsx,data/observed/mendeley/conditions/C07 Temperature Horizontal Side 30CAmb 4CInitial 20mmGap.xlsx,1,REAL_PUBLIC_DATA,CONDITION,d68ecab8ab7f22a9947631e636924009c5165017305195ef67f86eed49b77845,68667,CC-BY-4.0,https://data.mendeley.com/datasets/sz5dgkz7k8/1,Mendeley v1 observed spatial/thermal condition data
MEN-C08,MENDELEY,C08 Temperature Horizontal Top 10CAmb 4CInitial 20mmGap.xlsx,data/observed/mendeley/conditions/C08 Temperature Horizontal Top 10CAmb 4CInitial 20mmGap.xlsx,1,REAL_PUBLIC_DATA,CONDITION,16043758da5546d95cb2dc6f7fe715610eb170b6302c5dd76db71779de923242,69061,CC-BY-4.0,https://data.mendeley.com/datasets/sz5dgkz7k8/1,Mendeley v1 observed spatial/thermal condition data
MEN-C09,MENDELEY,C09 Temperature Horizontal Top 30CAmb 4CInitial 20mmGap.xlsx,data/observed/mendeley/conditions/C09 Temperature Horizontal Top 30CAmb 4CInitial 20mmGap.xlsx,1,REAL_PUBLIC_DATA,CONDITION,f7e0cf92cd52461beb00795f491518977f65e8f50ed70e844d1c95feab7c8bf2,69023,CC-BY-4.0,https://data.mendeley.com/datasets/sz5dgkz7k8/1,Mendeley v1 observed spatial/thermal condition data
MEN-C10,MENDELEY,C10 Temperature Horizontal Side 20CAmb 10CInitial 20mmGap.xlsx,data/observed/mendeley/conditions/C10 Temperature Horizontal Side 20CAmb 10CInitial 20mmGap.xlsx,1,REAL_PUBLIC_DATA,CONDITION,9dba80bba7f3635f3f2fc2e4220f2464b2cdf1ed1fb6a8a98c1bec4905a21210,68695,CC-BY-4.0,https://data.mendeley.com/datasets/sz5dgkz7k8/1,Mendeley v1 observed spatial/thermal condition data
MEN-C11,MENDELEY,C11 Temperature Horizontal Top 20CAmb 10CInitial 20mmGap.xlsx,data/observed/mendeley/conditions/C11 Temperature Horizontal Top 20CAmb 10CInitial 20mmGap.xlsx,1,REAL_PUBLIC_DATA,CONDITION,00e3f081726ffe14b95c1fbfe5526635bc56f43b53cfad26fcfe9ef47312ad93,69046,CC-BY-4.0,https://data.mendeley.com/datasets/sz5dgkz7k8/1,Mendeley v1 observed spatial/thermal condition data
MEN-C12,MENDELEY,C12 Temperature Horizontal Side 20CAmb 4CInitial noGap.xlsx,data/observed/mendeley/conditions/C12 Temperature Horizontal Side 20CAmb 4CInitial noGap.xlsx,1,REAL_PUBLIC_DATA,CONDITION,60bc2ed4e923d396259d98de9a0447f61fe92542560aba8b5bacaadeaed227ff,68411,CC-BY-4.0,https://data.mendeley.com/datasets/sz5dgkz7k8/1,Mendeley v1 observed spatial/thermal condition data
MEN-C13,MENDELEY,C13 Temperature Horizontal Top 20CAmb 4CInitial noGap.xlsx,data/observed/mendeley/conditions/C13 Temperature Horizontal Top 20CAmb 4CInitial noGap.xlsx,1,REAL_PUBLIC_DATA,CONDITION,67b6e3e138e992e8298f5778d14f91df9a24699bb216c0a6b9d4e27d3520ff36,68565,CC-BY-4.0,https://data.mendeley.com/datasets/sz5dgkz7k8/1,Mendeley v1 observed spatial/thermal condition data
MEN-META-CONDITIONS,MENDELEY,Experimental conditions.docx,data/observed/mendeley/metadata/Experimental conditions.docx,1,REAL_PUBLIC_DATA,METADATA,cf110bae61dbe9b26461d3c4189e8d3e0a1cda7bea623b50939ce6b96da7b27d,63702,CC-BY-4.0,https://data.mendeley.com/datasets/sz5dgkz7k8/1,Mendeley v1 experiment-condition documentation
